Tarih,Kampanya,Kanal,Icerik_Turu,Gosterim,Tiklama,Harcama_TL,Donusum,Gelir_TL
2026-07-01,Spooky Savings,Sosyal Medya,Görsel,33374,1508,2165.7,70,6942.34
2026-07-01,Spooky Savings,Influencer,Video,63107,3512,3764.67,165,13954.72
2026-07-01,Harvest Discounts,E-posta,Carousel,56443,1582,997.87,60,4973.21
2026-07-01,Harvest Discounts,Google Arama,Video,23589,1068,1988.66,48,3330.09
2026-07-01,Octoberfest Offers,Google Arama,Görsel,40446,2093,4402.42,88,11435.07
2026-07-01,Octoberfest Offers,Influencer,Görsel,73460,3610,3072.81,207,27993.19
2026-07-01,Fall Flash Deals,Sosyal Medya,Görsel,56934,1721,2203.88,71,5132.42
2026-07-01,Fall Flash Deals,E-posta,Carousel,119354,2527,1515.38,50,2721.82
2026-07-01,Black Friday Early,Sosyal Medya,Video,67852,2815,4306.69,121,11765.84
2026-07-01,Black Friday Early,Sosyal Medya,Görsel,115870,4711,7055.16,170,19967.21
2026-07-02,Spooky Savings,E-posta,Görsel,86071,2162,1100.23,91,8666.99
2026-07-02,Spooky Savings,Influencer,Görsel,24039,1378,1723.57,50,3214.42
2026-07-02,Harvest Discounts,E-posta,Video,40344,1301,400.46,46,4228.83
2026-07-02,Harvest Discounts,Influencer,Video,90579,4046,6998.39,209,16994.19
2026-07-02,Octoberfest Offers,E-posta,Video,74511,3523,1237.4,140,15148.75
2026-07-02,Octoberfest Offers,Influencer,Video,50176,1803,2572.76,74,9940.22
2026-07-02,Fall Flash Deals,E-posta,Görsel,72208,1042,644.91,24,1543.41
2026-07-02,Fall Flash Deals,Sosyal Medya,Görsel,110298,3240,3192.49,144,9247.25
2026-07-02,Black Friday Early,Influencer,Görsel,58870,2586,2083.14,96,11014.1
2026-07-02,Black Friday Early,Google Arama,Görsel,24511,1263,1206.93,52,6942.5
2026-07-03,Spooky Savings,E-posta,Görsel,51095,1798,1166.84,75,8513.17
2026-07-03,Spooky Savings,Google Arama,Video,113587,8545,12249.03,312,30919.42
2026-07-03,Harvest Discounts,Sosyal Medya,Görsel,96177,4043,2422.37,141,11905.89
2026-07-03,Harvest Discounts,Influencer,Video,103747,5002,7090.8,285,24965.54
2026-07-03,Octoberfest Offers,Influencer,Video,111160,5873,5007.95,425,43307.26
2026-07-03,Octoberfest Offers,E-posta,Görsel,31750,709,467.1,31,4007.55
2026-07-03,Fall Flash Deals,Google Arama,Görsel,48267,1923,2182.06,71,4532.2
2026-07-03,Fall Flash Deals,Influencer,Video,25982,1093,866.01,28,2034.91
2026-07-03,Black Friday Early,E-posta,Görsel,20473,731,195.18,18,1925.95
2026-07-03,Black Friday Early,Google Arama,Görsel,103470,4354,6246.35,222,25888.74
2026-07-04,Spooky Savings,Google Arama,Görsel,113694,7648,10281.55,444,42777.79
2026-07-04,Spooky Savings,Sosyal Medya,Görsel,35575,1972,2615.75,112,6716.35
2026-07-04,Harvest Discounts,Sosyal Medya,Görsel,92216,4251,4298.03,141,11522.15
2026-07-04,Harvest Discounts,E-posta,Video,73489,1996,788.8,71,6117.69
2026-07-04,Octoberfest Offers,Influencer,Carousel,26922,1278,1107.52,82,10366.55
2026-07-04,Octoberfest Offers,Sosyal Medya,Görsel,111574,5696,4590.76,344,40771.83
2026-07-04,Fall Flash Deals,Influencer,Görsel,107123,3333,5575.1,98,8211.83
2026-07-04,Fall Flash Deals,Influencer,Görsel,76744,1888,1415.52,39,2832.01
2026-07-04,Black Friday Early,Google Arama,Video,90788,5463,11704.16,233,26976.11
2026-07-04,Black Friday Early,E-posta,Görsel,59723,2110,816.2,109,13492.81
2026-07-05,Spooky Savings,Sosyal Medya,Görsel,99283,4841,2891.19,165,16357.04
2026-07-05,Spooky Savings,Influencer,Carousel,64501,3540,3012.24,187,15850.61
2026-07-05,Harvest Discounts,E-posta,Carousel,118917,3265,829.03,130,7356.95
2026-07-05,Harvest Discounts,Google Arama,Görsel,26311,1499,2770.44,64,4826.86
2026-07-05,Octoberfest Offers,Sosyal Medya,Görsel,37214,1403,1492.52,93,12179.06
2026-07-05,Octoberfest Offers,Influencer,Carousel,116875,5173,4954.46,244,28039.36
2026-07-05,Fall Flash Deals,Google Arama,Video,48878,1919,3181.98,40,3069.2
2026-07-05,Fall Flash Deals,Influencer,Carousel,51065,1821,2391.12,52,3704.96
2026-07-05,Black Friday Early,E-posta,Görsel,99127,2317,1599.28,115,14605.28
2026-07-05,Black Friday Early,Influencer,Video,38936,1466,2511.44,54,5729.57
2026-07-06,Spooky Savings,Influencer,Video,71353,2671,3668.96,105,10534.73
2026-07-06,Spooky Savings,Sosyal Medya,Carousel,48604,2346,3283.46,65,6549.86
2026-07-06,Harvest Discounts,Google Arama,Video,39793,1601,2964.65,82,7742.06
2026-07-06,Harvest Discounts,Google Arama,Video,116437,5462,7671.85,240,15267.91
2026-07-06,Octoberfest Offers,Google Arama,Video,39989,2819,4851.84,184,20865.4
2026-07-06,Octoberfest Offers,Sosyal Medya,Video,29428,1311,768.36,88,11635.24
2026-07-06,Fall Flash Deals,E-posta,Video,87393,2283,1370.3,83,6887.8
2026-07-06,Fall Flash Deals,Sosyal Medya,Görsel,106730,2827,4404.51,87,6265.44
2026-07-06,Black Friday Early,E-posta,Video,32749,1315,351.19,53,5625.22
2026-07-06,Black Friday Early,E-posta,Carousel,90784,3153,2014.38,119,14279.28
2026-07-07,Spooky Savings,Influencer,Carousel,74079,3424,5748.57,252,26435.61
2026-07-07,Spooky Savings,E-posta,Video,103001,4295,1447.26,224,20361.57
2026-07-07,Harvest Discounts,Google Arama,Video,32695,1957,2846.15,65,5406.11
2026-07-07,Harvest Discounts,Influencer,Görsel,117589,4986,8340.12,205,18723.28
2026-07-07,Octoberfest Offers,Google Arama,Video,81911,3862,8113.81,168,24733.4
2026-07-07,Octoberfest Offers,Google Arama,Video,104215,7340,6348.41,547,71489.35
2026-07-07,Fall Flash Deals,Influencer,Carousel,56196,1392,1353.43,38,2674.09
2026-07-07,Fall Flash Deals,Google Arama,Carousel,114338,5019,8591.25,182,12657.33
2026-07-07,Black Friday Early,Sosyal Medya,Carousel,82636,3914,2910.9,203,23823.6
2026-07-07,Black Friday Early,Google Arama,Video,32693,1926,2228.93,87,9437.16
2026-07-08,Spooky Savings,Influencer,Görsel,112290,6096,3524.6,290,28176.95
2026-07-08,Spooky Savings,Sosyal Medya,Görsel,99578,4599,3076.15,215,17832.15
2026-07-08,Harvest Discounts,Google Arama,Video,50020,2828,4270.45,104,9614.98
2026-07-08,Harvest Discounts,Sosyal Medya,Görsel,74567,2505,3052.09,81,5593.39
2026-07-08,Octoberfest Offers,E-posta,Video,58806,2471,1349.69,125,14222.2
2026-07-08,Octoberfest Offers,Google Arama,Video,74349,5419,9921.46,403,48926.35
2026-07-08,Fall Flash Deals,Google Arama,Görsel,116537,3666,4735.35,117,10146.74
2026-07-08,Fall Flash Deals,Sosyal Medya,Video,109892,3063,2452.97,83,5515.31
2026-07-08,Black Friday Early,E-posta,Video,41554,1169,272.04,43,4351.97
2026-07-08,Black Friday Early,E-posta,Carousel,117180,3031,991.99,158,16231.22
2026-07-09,Spooky Savings,Influencer,Carousel,63794,2259,2096.33,121,13783.28
2026-07-09,Spooky Savings,Google Arama,Görsel,90483,6142,5771.25,323,20329.38
2026-07-09,Harvest Discounts,Sosyal Medya,Carousel,96422,4601,2402.45,162,11400.54
2026-07-09,Harvest Discounts,Influencer,Carousel,68293,3398,2516.26,143,15189.51
2026-07-09,Octoberfest Offers,E-posta,Video,65665,1872,1038.43,90,11565.78
2026-07-09,Octoberfest Offers,E-posta,Görsel,65640,2671,1433.38,141,14674.41
2026-07-09,Fall Flash Deals,Sosyal Medya,Video,106254,4185,6399.92,166,11561.55
2026-07-09,Fall Flash Deals,Google Arama,Video,58634,2109,3923.33,82,5786.46
2026-07-09,Black Friday Early,Influencer,Carousel,47992,2150,2659.52,71,8602.99
2026-07-09,Black Friday Early,Influencer,Görsel,56159,1577,1129.83,54,7251.2
2026-07-10,Spooky Savings,Google Arama,Görsel,39488,2483,3755.9,119,11832.11
2026-07-10,Spooky Savings,Influencer,Video,59150,2828,1766.17,183,16258.89
2026-07-10,Harvest Discounts,Influencer,Video,31407,1443,1545.99,31,2714.24
2026-07-10,Harvest Discounts,Google Arama,Carousel,28975,937,1175.5,37,2711.98
2026-07-10,Octoberfest Offers,Influencer,Video,92385,5622,6002.35,221,23231.51
2026-07-10,Octoberfest Offers,Google Arama,Video,27743,2070,2257.42,100,9465.73
2026-07-10,Fall Flash Deals,Sosyal Medya,Video,76820,2069,2595.38,62,3524.88
2026-07-10,Fall Flash Deals,E-posta,Görsel,97986,1745,1119.01,52,3248.43
2026-07-10,Black Friday Early,E-posta,Görsel,92448,1810,1095.8,67,6328.36
2026-07-10,Black Friday Early,Sosyal Medya,Görsel,64607,2460,2928.7,104,11870.01
2026-07-11,Spooky Savings,Influencer,Video,39363,2084,2503.71,86,6994.11
2026-07-11,Spooky Savings,Sosyal Medya,Video,113068,4381,2340.3,139,8223.55
2026-07-11,Harvest Discounts,Influencer,Carousel,103516,4433,6315.92,195,13645.8
2026-07-11,Harvest Discounts,Sosyal Medya,Görsel,81222,2687,2954.31,118,8905.48
2026-07-11,Octoberfest Offers,Influencer,Görsel,28676,1144,1003.97,76,8457.4
2026-07-11,Octoberfest Offers,Influencer,Görsel,23517,1047,991.18,39,5533.37
2026-07-11,Fall Flash Deals,Influencer,Carousel,51522,1892,3182.5,66,4279.85
2026-07-11,Fall Flash Deals,E-posta,Video,35752,994,530.85,37,2863.79
2026-07-11,Black Friday Early,Google Arama,Video,106035,5798,8011.27,190,20852.39
2026-07-11,Black Friday Early,E-posta,Görsel,40581,1443,768.19,61,6675.94
2026-07-12,Spooky Savings,Google Arama,Video,48265,2565,3307.33,117,10000.77
2026-07-12,Spooky Savings,Influencer,Carousel,117573,6244,6986.54,414,39052.57
2026-07-12,Harvest Discounts,E-posta,Görsel,101825,3010,1109.8,161,11697.47
2026-07-12,Harvest Discounts,Google Arama,Carousel,41870,1724,2289.79,41,3346.92
2026-07-12,Octoberfest Offers,E-posta,Carousel,58354,2265,1278.29,198,23086.41
2026-07-12,Octoberfest Offers,E-posta,Görsel,71575,2214,541.92,100,10639.74
2026-07-12,Fall Flash Deals,Sosyal Medya,Carousel,86427,2642,3631.51,106,8303.18
2026-07-12,Fall Flash Deals,Sosyal Medya,Görsel,113617,3497,2837.04,140,10301.96
2026-07-12,Black Friday Early,Sosyal Medya,Carousel,107112,2034,2544.16,67,6973.73
2026-07-12,Black Friday Early,Sosyal Medya,Video,117719,6403,7728.41,302,33799.99
2026-07-13,Spooky Savings,Google Arama,Görsel,24064,651,1070.34,30,2821.33
2026-07-13,Spooky Savings,E-posta,Görsel,43636,1489,783.25,79,6723.65
2026-07-13,Harvest Discounts,E-posta,Video,76300,2915,2039.79,115,9277.83
2026-07-13,Harvest Discounts,Google Arama,Video,24911,1183,1691.56,56,4146.14
2026-07-13,Octoberfest Offers,Influencer,Carousel,55534,2023,2905.24,116,12341.58
2026-07-13,Octoberfest Offers,E-posta,Görsel,35360,1022,586.83,55,5314.77
2026-07-13,Fall Flash Deals,Sosyal Medya,Video,113291,4209,3198.4,173,11588.87
2026-07-13,Fall Flash Deals,Influencer,Video,26332,594,530.32,22,1644.78
2026-07-13,Black Friday Early,E-posta,Video,34840,1502,653.2,74,7461.46
2026-07-13,Black Friday Early,E-posta,Video,39512,1402,508.17,51,7306.94
2026-07-14,Spooky Savings,E-posta,Carousel,34859,1051,427.27,38,3993.68
2026-07-14,Spooky Savings,E-posta,Görsel,76856,2641,1105.33,109,11975.76
2026-07-14,Harvest Discounts,Sosyal Medya,Video,56434,1858,2163.18,60,5258.06
2026-07-14,Harvest Discounts,E-posta,Görsel,111244,3703,1236.23,164,16037.15
2026-07-14,Octoberfest Offers,Influencer,Video,46081,2891,4403.55,199,21624.77
2026-07-14,Octoberfest Offers,Google Arama,Video,73721,3207,4248.45,176,14630.07
2026-07-14,Fall Flash Deals,E-posta,Görsel,86008,1786,1026.22,78,5167.7
2026-07-14,Fall Flash Deals,Sosyal Medya,Görsel,82598,1953,1151.46,84,6273.88
2026-07-14,Black Friday Early,Google Arama,Carousel,99638,6141,8430.97,276,30912.01
2026-07-14,Black Friday Early,Google Arama,Görsel,40186,1521,1090.41,53,6022.72
2026-07-15,Spooky Savings,Influencer,Görsel,70745,4813,6583.47,308,33897.98
2026-07-15,Spooky Savings,Sosyal Medya,Carousel,100058,4774,4191.96,223,22156.27
2026-07-15,Harvest Discounts,Google Arama,Carousel,106301,3783,7886.19,147,12887.43
2026-07-15,Harvest Discounts,Google Arama,Görsel,81778,3231,3736.08,113,8020.76
2026-07-15,Octoberfest Offers,Influencer,Carousel,85189,3608,4445.8,165,17197.34
2026-07-15,Octoberfest Offers,Influencer,Carousel,106413,4058,3495.72,156,22345.95
2026-07-15,Fall Flash Deals,Sosyal Medya,Carousel,82487,2349,2776.81,89,6305.43
2026-07-15,Fall Flash Deals,Sosyal Medya,Video,114884,2806,2844.57,77,4986.9
2026-07-15,Black Friday Early,Influencer,Görsel,32759,875,873.65,62,6311.45
2026-07-15,Black Friday Early,Sosyal Medya,Görsel,54790,2041,1477.8,66,6694.48
2026-07-16,Spooky Savings,Influencer,Görsel,31218,1113,762.34,38,3302.88
2026-07-16,Spooky Savings,Google Arama,Görsel,29057,1507,1285.5,79,6349.4
2026-07-16,Harvest Discounts,Influencer,Carousel,67194,2225,3913.42,113,7412.34
2026-07-16,Harvest Discounts,Google Arama,Carousel,42592,1616,2080.25,62,4843.93
2026-07-16,Octoberfest Offers,Google Arama,Video,60715,5202,3526.26,335,37339.73
2026-07-16,Octoberfest Offers,E-posta,Görsel,63784,2319,1615.65,78,10603.56
2026-07-16,Fall Flash Deals,Sosyal Medya,Görsel,82092,2400,1252.75,68,4927.41
2026-07-16,Fall Flash Deals,E-posta,Video,114569,1955,844.95,49,3539.2
2026-07-16,Black Friday Early,E-posta,Video,104938,3318,1924.94,83,8315.84
2026-07-16,Black Friday Early,Influencer,Video,57830,2960,4903.73,130,14092.32
2026-07-17,Spooky Savings,Influencer,Carousel,52558,2263,3196.7,54,5352.23
2026-07-17,Spooky Savings,E-posta,Görsel,97077,4337,1971.14,146,15062.04
2026-07-17,Harvest Discounts,Google Arama,Carousel,32365,1141,2421.25,38,3005.75
2026-07-17,Harvest Discounts,Google Arama,Görsel,74047,3160,2317.51,98,8855.24
2026-07-17,Octoberfest Offers,Google Arama,Carousel,62301,3134,6708.44,195,23422.43
2026-07-17,Octoberfest Offers,Influencer,Görsel,38280,1950,3076.64,119,15638.62
2026-07-17,Fall Flash Deals,Google Arama,Carousel,81644,2528,5193.68,101,6654.41
2026-07-17,Fall Flash Deals,Sosyal Medya,Video,52073,1553,1211.73,60,3286.46
2026-07-17,Black Friday Early,Google Arama,Görsel,38559,1846,1636.57,99,11240.69
2026-07-17,Black Friday Early,Sosyal Medya,Carousel,85319,2961,3640.98,127,15185.93
2026-07-18,Spooky Savings,Sosyal Medya,Carousel,37419,1952,2083.65,99,10054.34
2026-07-18,Spooky Savings,Sosyal Medya,Carousel,87285,4369,4698.79,232,23156.6
2026-07-18,Harvest Discounts,Influencer,Video,36209,1580,2636.69,62,4752.52
2026-07-18,Harvest Discounts,E-posta,Video,63475,1888,1004.3,66,4768.85
2026-07-18,Octoberfest Offers,E-posta,Video,100799,4646,1760.73,247,31602.39
2026-07-18,Octoberfest Offers,Google Arama,Video,42864,2585,3280.62,121,15263.04
2026-07-18,Fall Flash Deals,E-posta,Görsel,96762,2047,595.84,75,4896.63
2026-07-18,Fall Flash Deals,Sosyal Medya,Görsel,92190,2629,1870.65,86,6821.45
2026-07-18,Black Friday Early,Influencer,Carousel,110265,6333,4581.63,233,22914.66
2026-07-18,Black Friday Early,E-posta,Carousel,36887,895,560.35,32,3273.52
2026-07-19,Spooky Savings,Influencer,Görsel,91511,5501,7717.34,193,21935.46
2026-07-19,Spooky Savings,Sosyal Medya,Carousel,113666,3596,3895.83,209,21924.48
2026-07-19,Harvest Discounts,Google Arama,Video,96301,5043,6207.61,196,15006.37
2026-07-19,Harvest Discounts,E-posta,Video,38790,1605,892.23,49,4055.18
2026-07-19,Octoberfest Offers,Google Arama,Görsel,102216,6255,11772.94,424,51825.1
2026-07-19,Octoberfest Offers,Google Arama,Carousel,30731,1781,3532.85,89,7161.22
2026-07-19,Fall Flash Deals,Sosyal Medya,Video,78884,2224,2450.22,51,3181.67
2026-07-19,Fall Flash Deals,Google Arama,Görsel,69764,2455,4646.16,101,7026.86
2026-07-19,Black Friday Early,Sosyal Medya,Görsel,73107,2791,2965.26,106,11161.03
2026-07-19,Black Friday Early,Google Arama,Video,71954,3459,4772.3,136,15403.6
2026-07-20,Spooky Savings,E-posta,Görsel,23147,842,550.15,40,4315.04
2026-07-20,Spooky Savings,E-posta,Carousel,70819,2816,1172.17,169,15435.53
2026-07-20,Harvest Discounts,E-posta,Görsel,113674,2821,1187.58,109,7613.27
2026-07-20,Harvest Discounts,Google Arama,Video,63666,2743,3093.54,77,6400.13
2026-07-20,Octoberfest Offers,Influencer,Carousel,47691,1782,2098.54,115,13259.11
2026-07-20,Octoberfest Offers,Sosyal Medya,Video,119481,6445,7085.21,332,39093.89
2026-07-20,Fall Flash Deals,Google Arama,Carousel,29899,1149,1902.5,54,3647.65
2026-07-20,Fall Flash Deals,Sosyal Medya,Video,68628,2241,2181.73,75,6662.36
2026-07-20,Black Friday Early,Google Arama,Görsel,71259,4181,4174.68,92,7398.89
2026-07-20,Black Friday Early,Influencer,Video,67794,3393,5425.0,158,16570.09
2026-07-21,Spooky Savings,Google Arama,Video,112172,8069,9592.52,555,52701.66
2026-07-21,Spooky Savings,Influencer,Carousel,62176,3462,5770.33,224,19285.27
2026-07-21,Harvest Discounts,Google Arama,Video,117330,5815,5715.68,314,27832.43
2026-07-21,Harvest Discounts,E-posta,Video,26682,778,390.73,23,2019.57
2026-07-21,Octoberfest Offers,Google Arama,Video,93393,8228,12110.57,571,68127.34
2026-07-21,Octoberfest Offers,Google Arama,Görsel,79295,4097,7807.01,199,23104.36
2026-07-21,Fall Flash Deals,Influencer,Carousel,44054,1194,857.3,42,2900.5
2026-07-21,Fall Flash Deals,Influencer,Carousel,42796,1421,2346.11,34,2350.07
2026-07-21,Black Friday Early,Google Arama,Video,91968,5383,7881.63,200,21793.1
2026-07-21,Black Friday Early,Influencer,Görsel,83760,2753,3466.56,101,10859.36
2026-07-22,Spooky Savings,Google Arama,Video,81116,6552,9386.38,378,36997.85
2026-07-22,Spooky Savings,E-posta,Görsel,25083,946,229.72,53,5490.09
2026-07-22,Harvest Discounts,Influencer,Carousel,79788,2527,2909.79,103,7023.52
2026-07-22,Harvest Discounts,Google Arama,Görsel,118138,6453,6881.29,175,12234.88
2026-07-22,Octoberfest Offers,E-posta,Görsel,21732,870,343.33,46,4361.78
2026-07-22,Octoberfest Offers,Google Arama,Video,66900,3255,5334.67,157,20798.75
2026-07-22,Fall Flash Deals,Sosyal Medya,Carousel,69437,2566,2687.8,103,7426.58
2026-07-22,Fall Flash Deals,Sosyal Medya,Görsel,109675,3435,2069.73,146,10839.66
2026-07-22,Black Friday Early,Google Arama,Video,48284,2698,2113.79,144,13122.81
2026-07-22,Black Friday Early,Influencer,Video,67556,4282,3317.03,155,20702.0
2026-07-23,Spooky Savings,Sosyal Medya,Video,91719,5072,3600.99,97,8541.73
2026-07-23,Spooky Savings,Google Arama,Video,26033,1740,2746.29,51,4942.79
2026-07-23,Harvest Discounts,E-posta,Video,100108,2845,890.54,144,12701.1
2026-07-23,Harvest Discounts,Sosyal Medya,Görsel,102221,4065,5975.11,143,10085.07
2026-07-23,Octoberfest Offers,E-posta,Görsel,91964,3594,1181.82,174,19511.13
2026-07-23,Octoberfest Offers,Google Arama,Video,84818,5357,4340.94,423,51851.37
2026-07-23,Fall Flash Deals,Influencer,Görsel,94761,2503,4028.96,108,10152.3
2026-07-23,Fall Flash Deals,E-posta,Carousel,98175,2250,835.17,76,5512.24
2026-07-23,Black Friday Early,E-posta,Carousel,110339,3486,1518.45,142,18630.96
2026-07-23,Black Friday Early,Sosyal Medya,Görsel,62816,1909,2968.36,80,10073.19
2026-07-24,Spooky Savings,Google Arama,Video,65605,3240,6730.74,165,16367.23
2026-07-24,Spooky Savings,Influencer,Carousel,83793,4874,6896.95,319,26707.69
2026-07-24,Harvest Discounts,Sosyal Medya,Video,39308,842,484.85,35,3156.08
2026-07-24,Harvest Discounts,Influencer,Video,105622,4857,6158.39,218,14304.75
2026-07-24,Octoberfest Offers,Google Arama,Carousel,97051,4989,10695.32,365,52214.2
2026-07-24,Octoberfest Offers,E-posta,Görsel,83106,3696,2564.0,159,19537.93
2026-07-24,Fall Flash Deals,E-posta,Görsel,50165,1023,283.85,40,1909.52
2026-07-24,Fall Flash Deals,Google Arama,Görsel,54767,2144,2707.9,68,4565.5
2026-07-24,Black Friday Early,Google Arama,Görsel,63497,2948,3371.25,57,6762.03
2026-07-24,Black Friday Early,E-posta,Video,86252,3154,912.19,73,7801.6
2026-07-25,Spooky Savings,Sosyal Medya,Video,97803,5955,7528.78,224,23105.84
2026-07-25,Spooky Savings,E-posta,Video,87185,3437,1239.23,186,15867.61
2026-07-25,Harvest Discounts,Sosyal Medya,Video,112993,5373,4724.76,214,14436.99
2026-07-25,Harvest Discounts,E-posta,Carousel,116058,2744,740.13,111,8803.87
2026-07-25,Octoberfest Offers,E-posta,Video,90490,3842,1811.48,320,38545.45
2026-07-25,Octoberfest Offers,Sosyal Medya,Görsel,57091,2995,2018.58,126,14487.89
2026-07-25,Fall Flash Deals,Influencer,Carousel,79906,2753,2953.5,93,7468.76
2026-07-25,Fall Flash Deals,Google Arama,Carousel,62508,2942,2612.09,106,6662.98
2026-07-25,Black Friday Early,Influencer,Görsel,82909,3146,5361.28,115,13125.39
2026-07-25,Black Friday Early,Sosyal Medya,Görsel,101212,3043,2006.8,134,14860.23
2026-07-26,Spooky Savings,Sosyal Medya,Carousel,56933,2243,2409.15,70,5407.74
2026-07-26,Spooky Savings,Google Arama,Görsel,70576,4737,4583.12,302,24148.84
2026-07-26,Harvest Discounts,Sosyal Medya,Carousel,24563,963,562.39,31,2483.54
2026-07-26,Harvest Discounts,Google Arama,Carousel,93657,4292,4186.54,242,23962.72
2026-07-26,Octoberfest Offers,E-posta,Carousel,68985,1981,499.44,115,14759.27
2026-07-26,Octoberfest Offers,Sosyal Medya,Video,65970,3783,2471.57,271,25785.88
2026-07-26,Fall Flash Deals,E-posta,Görsel,73243,1278,599.73,43,1886.49
2026-07-26,Fall Flash Deals,Sosyal Medya,Video,41549,1574,1915.55,53,4036.36
2026-07-26,Black Friday Early,Sosyal Medya,Görsel,79796,4833,2880.82,185,20115.05
2026-07-26,Black Friday Early,E-posta,Carousel,94520,3224,1429.21,145,18134.38
2026-07-27,Spooky Savings,Influencer,Görsel,54967,3206,4018.11,167,14188.29
2026-07-27,Spooky Savings,Sosyal Medya,Görsel,33115,1448,1097.07,58,5741.56
2026-07-27,Harvest Discounts,Google Arama,Video,58683,1993,2446.48,75,6609.24
2026-07-27,Harvest Discounts,Influencer,Carousel,39858,1407,896.15,47,3558.1
2026-07-27,Octoberfest Offers,Influencer,Video,57393,2555,2085.8,225,25619.48
2026-07-27,Octoberfest Offers,E-posta,Video,82682,2465,1124.15,141,16971.29
2026-07-27,Fall Flash Deals,Google Arama,Video,31339,1609,3452.6,73,5442.77
2026-07-27,Fall Flash Deals,Google Arama,Video,94726,3895,8391.6,127,8874.71
2026-07-27,Black Friday Early,E-posta,Görsel,42461,1451,1030.08,67,8231.4
2026-07-27,Black Friday Early,E-posta,Görsel,109468,3308,1437.09,103,10701.95
2026-07-28,Spooky Savings,Google Arama,Video,93244,6071,4825.29,267,21321.63
2026-07-28,Spooky Savings,Sosyal Medya,Video,47258,2981,2551.53,152,17865.7
2026-07-28,Harvest Discounts,Sosyal Medya,Video,76322,3059,2329.39,161,11945.48
2026-07-28,Harvest Discounts,Influencer,Video,31072,1509,855.74,62,4621.66
2026-07-28,Octoberfest Offers,Google Arama,Video,29973,1821,1486.7,139,16548.29
2026-07-28,Octoberfest Offers,Google Arama,Görsel,115604,6102,8225.44,409,49475.67
2026-07-28,Fall Flash Deals,Google Arama,Video,100243,2934,3460.36,136,9078.25
2026-07-28,Fall Flash Deals,Influencer,Video,35442,787,604.6,26,1816.19
2026-07-28,Black Friday Early,Sosyal Medya,Video,48268,2060,2652.68,138,15107.57
2026-07-28,Black Friday Early,Sosyal Medya,Görsel,39766,1606,1433.88,63,7075.38
2026-07-29,Spooky Savings,Google Arama,Video,59516,3073,5961.69,125,8515.58
2026-07-29,Spooky Savings,Google Arama,Video,49132,3281,3388.78,118,13740.15
2026-07-29,Harvest Discounts,E-posta,Carousel,52806,1535,754.46,91,7151.33
2026-07-29,Harvest Discounts,Google Arama,Video,72939,2249,2133.06,104,8899.69
2026-07-29,Octoberfest Offers,Google Arama,Görsel,38905,1827,2577.02,99,9915.38
2026-07-29,Octoberfest Offers,Influencer,Görsel,108282,5752,4224.75,432,48910.0
2026-07-29,Fall Flash Deals,Sosyal Medya,Video,92765,3111,2108.44,123,7915.36
2026-07-29,Fall Flash Deals,E-posta,Görsel,96054,1704,899.8,83,6834.69
2026-07-29,Black Friday Early,E-posta,Carousel,36947,1216,432.38,35,3579.35
2026-07-29,Black Friday Early,Google Arama,Carousel,90815,5376,5004.87,223,26761.48
2026-07-30,Spooky Savings,Influencer,Video,103624,6985,11700.01,308,26976.24
2026-07-30,Spooky Savings,Google Arama,Video,37518,2477,1830.16,68,6109.13
2026-07-30,Harvest Discounts,Influencer,Video,95127,3863,4766.28,187,14519.19
2026-07-30,Harvest Discounts,Google Arama,Görsel,55768,2225,3313.41,82,7570.64
2026-07-30,Octoberfest Offers,E-posta,Görsel,98757,3854,1345.24,264,24495.54
2026-07-30,Octoberfest Offers,E-posta,Video,67840,2831,1271.46,253,25566.77
2026-07-30,Fall Flash Deals,Influencer,Video,100220,3848,2524.91,122,6544.4
2026-07-30,Fall Flash Deals,Google Arama,Carousel,34742,1244,2172.13,38,2312.87
2026-07-30,Black Friday Early,Google Arama,Video,58908,3785,3800.97,172,17077.34
2026-07-30,Black Friday Early,Sosyal Medya,Görsel,47342,1925,1371.99,103,9134.95
2026-07-31,Spooky Savings,Google Arama,Görsel,44836,3070,3507.77,132,11435.25
2026-07-31,Spooky Savings,Influencer,Video,50833,3477,5708.77,147,10588.74
2026-07-31,Harvest Discounts,Sosyal Medya,Video,58243,2008,2763.24,97,6812.05
2026-07-31,Harvest Discounts,Influencer,Video,32727,979,1660.13,41,3752.49
2026-07-31,Octoberfest Offers,E-posta,Carousel,90708,4172,2285.09,135,16984.58
2026-07-31,Octoberfest Offers,Sosyal Medya,Video,75023,3955,4861.54,170,20858.92
2026-07-31,Fall Flash Deals,Google Arama,Video,102926,2789,3870.7,128,7881.81
2026-07-31,Fall Flash Deals,E-posta,Video,90502,1978,1331.33,74,4225.17
2026-07-31,Black Friday Early,Google Arama,Video,34904,2226,3191.31,82,7786.98
2026-07-31,Black Friday Early,Sosyal Medya,Görsel,26993,1025,912.83,43,4705.47
2026-08-01,Spooky Savings,E-posta,Video,62280,2431,1317.57,120,12587.67
2026-08-01,Spooky Savings,E-posta,Görsel,68112,3275,1622.24,187,19688.67
2026-08-01,Harvest Discounts,Sosyal Medya,Görsel,44024,1286,818.44,35,3011.89
2026-08-01,Harvest Discounts,Google Arama,Carousel,98221,3784,4761.02,121,8823.25
2026-08-01,Octoberfest Offers,Sosyal Medya,Video,78158,4089,3453.81,257,30930.85
2026-08-01,Octoberfest Offers,E-posta,Carousel,94799,3652,2352.56,211,24343.63
2026-08-01,Fall Flash Deals,E-posta,Görsel,30901,754,311.05,29,1980.99
2026-08-01,Fall Flash Deals,E-posta,Video,101507,2964,1872.27,74,6446.28
2026-08-01,Black Friday Early,Influencer,Carousel,40609,1850,2007.79,88,7633.26
2026-08-01,Black Friday Early,Influencer,Carousel,64824,3103,4535.77,171,18280.29
2026-08-02,Spooky Savings,Google Arama,Video,63937,4096,3587.66,224,24374.32
2026-08-02,Spooky Savings,Sosyal Medya,Carousel,102055,4953,7514.27,252,19728.79
2026-08-02,Harvest Discounts,E-posta,Görsel,47684,1399,647.57,54,3986.28
2026-08-02,Harvest Discounts,Influencer,Görsel,44075,1812,1566.21,58,4345.43
2026-08-02,Octoberfest Offers,Influencer,Carousel,53962,3042,2561.98,177,20670.88
2026-08-02,Octoberfest Offers,Sosyal Medya,Video,56081,3108,2460.25,235,22799.28
2026-08-02,Fall Flash Deals,Sosyal Medya,Carousel,38168,1077,972.96,36,2700.01
2026-08-02,Fall Flash Deals,Sosyal Medya,Video,37635,1008,1299.59,28,2116.71
2026-08-02,Black Friday Early,Sosyal Medya,Carousel,43133,1746,2696.81,69,8053.03
2026-08-02,Black Friday Early,E-posta,Görsel,66748,2125,1181.87,99,9752.6
2026-08-03,Spooky Savings,E-posta,Video,54335,2418,1198.96,110,10558.48
2026-08-03,Spooky Savings,Google Arama,Görsel,59206,4963,6656.22,272,23051.02
2026-08-03,Harvest Discounts,Google Arama,Video,91905,4195,7990.92,185,14209.31
2026-08-03,Harvest Discounts,Influencer,Video,44092,2104,3320.29,99,9966.66
2026-08-03,Octoberfest Offers,Google Arama,Video,110989,8337,9255.41,652,79138.46
2026-08-03,Octoberfest Offers,Influencer,Video,95178,5369,9146.84,389,40027.95
2026-08-03,Fall Flash Deals,Influencer,Video,37468,1836,1887.57,50,3575.74
2026-08-03,Fall Flash Deals,Google Arama,Video,51384,1877,3497.07,52,3049.54
2026-08-03,Black Friday Early,Sosyal Medya,Görsel,38355,1623,2537.56,71,6686.29
2026-08-03,Black Friday Early,Influencer,Görsel,47280,1781,2495.94,71,6834.26
2026-08-04,Spooky Savings,E-posta,Görsel,56549,2034,620.3,75,6745.12
2026-08-04,Spooky Savings,Google Arama,Video,33089,2323,3590.0,104,10990.87
2026-08-04,Harvest Discounts,E-posta,Carousel,21443,711,201.78,25,2138.82
2026-08-04,Harvest Discounts,E-posta,Görsel,63882,1945,1197.39,65,5526.35
2026-08-04,Octoberfest Offers,Influencer,Video,90099,6127,5455.43,340,35419.67
2026-08-04,Octoberfest Offers,Google Arama,Video,50296,3114,5316.82,234,26255.99
2026-08-04,Fall Flash Deals,Influencer,Görsel,106045,3070,5069.21,111,8023.61
2026-08-04,Fall Flash Deals,Influencer,Video,56927,2919,2244.77,157,10161.37
2026-08-04,Black Friday Early,Sosyal Medya,Görsel,110079,4715,4395.06,219,23285.3
2026-08-04,Black Friday Early,Sosyal Medya,Carousel,43599,1518,1839.56,63,7297.03
2026-08-05,Spooky Savings,E-posta,Video,73933,2782,1203.86,138,12561.31
2026-08-05,Spooky Savings,Sosyal Medya,Video,96315,4299,2976.2,226,22052.42
2026-08-05,Harvest Discounts,Google Arama,Carousel,25903,1362,978.15,59,5622.12
2026-08-05,Harvest Discounts,Google Arama,Görsel,113000,4751,6075.57,275,21546.29
2026-08-05,Octoberfest Offers,Influencer,Video,56495,3203,4277.74,155,21232.28
2026-08-05,Octoberfest Offers,Influencer,Carousel,69793,3415,4250.04,242,30989.29
2026-08-05,Fall Flash Deals,Sosyal Medya,Carousel,82843,2625,1763.65,95,5479.14
2026-08-05,Fall Flash Deals,Influencer,Görsel,84299,2200,2409.75,50,3037.1
2026-08-05,Black Friday Early,Sosyal Medya,Görsel,22366,721,653.53,37,3662.87
2026-08-05,Black Friday Early,E-posta,Video,106717,3979,1435.35,228,22507.29
2026-08-06,Spooky Savings,Influencer,Video,82360,5397,7730.76,218,20485.61
2026-08-06,Spooky Savings,Influencer,Görsel,119882,6708,6202.75,334,34070.32
2026-08-06,Harvest Discounts,Sosyal Medya,Video,67151,2313,2530.78,57,5246.82
2026-08-06,Harvest Discounts,Influencer,Görsel,81351,3614,6024.9,104,8627.68
2026-08-06,Octoberfest Offers,Sosyal Medya,Carousel,64106,2498,2730.82,184,20899.13
2026-08-06,Octoberfest Offers,E-posta,Video,108977,3981,2111.63,214,19263.37
2026-08-06,Fall Flash Deals,Google Arama,Görsel,103238,2999,2350.53,79,5576.84
2026-08-06,Fall Flash Deals,Google Arama,Video,110860,5363,5038.7,197,13832.64
2026-08-06,Black Friday Early,Sosyal Medya,Carousel,70428,3138,1917.46,124,13939.42
2026-08-06,Black Friday Early,Influencer,Video,99145,5417,7992.37,218,30040.92
2026-08-07,Spooky Savings,Google Arama,Görsel,55879,4105,7866.59,238,25975.99
2026-08-07,Spooky Savings,E-posta,Görsel,66093,3822,1212.7,142,14760.86
2026-08-07,Harvest Discounts,Google Arama,Video,96021,3350,3352.07,107,7571.75
2026-08-07,Harvest Discounts,Google Arama,Görsel,28115,1097,1266.99,45,3378.39
2026-08-07,Octoberfest Offers,Influencer,Görsel,91049,4007,5069.67,292,34641.2
2026-08-07,Octoberfest Offers,Sosyal Medya,Görsel,21580,822,973.23,62,6747.72
2026-08-07,Fall Flash Deals,E-posta,Carousel,78065,1409,796.0,42,3116.56
2026-08-07,Fall Flash Deals,E-posta,Carousel,67720,1435,965.86,60,4379.88
2026-08-07,Black Friday Early,Google Arama,Görsel,66867,2611,2906.39,97,9276.53
2026-08-07,Black Friday Early,Google Arama,Görsel,69431,3680,6083.99,232,29185.13
2026-08-08,Spooky Savings,Sosyal Medya,Video,69193,3754,4188.32,141,13559.45
2026-08-08,Spooky Savings,Influencer,Carousel,60736,3484,3205.5,225,16939.93
2026-08-08,Harvest Discounts,Influencer,Görsel,65135,2815,4639.04,96,7632.68
2026-08-08,Harvest Discounts,Sosyal Medya,Görsel,76816,3065,1854.42,177,14637.83
2026-08-08,Octoberfest Offers,Sosyal Medya,Video,96346,4529,5811.62,308,41274.53
2026-08-08,Octoberfest Offers,Sosyal Medya,Carousel,75216,4677,6083.19,218,25100.59
2026-08-08,Fall Flash Deals,Sosyal Medya,Video,84252,2753,4148.38,85,6541.15
2026-08-08,Fall Flash Deals,Influencer,Görsel,103661,2122,2498.62,87,6226.76
2026-08-08,Black Friday Early,Influencer,Video,118951,4804,4511.74,267,24735.22
2026-08-08,Black Friday Early,Sosyal Medya,Carousel,30865,847,1194.71,37,3378.83
2026-08-09,Spooky Savings,E-posta,Video,91292,3938,2388.6,199,21451.64
2026-08-09,Spooky Savings,Sosyal Medya,Video,42517,2235,2347.53,131,14231.08
2026-08-09,Harvest Discounts,Google Arama,Carousel,39678,1634,2966.15,67,5567.7
2026-08-09,Harvest Discounts,E-posta,Carousel,99300,3895,1392.85,112,10568.18
2026-08-09,Octoberfest Offers,E-posta,Video,26869,1190,615.0,58,7842.48
2026-08-09,Octoberfest Offers,Influencer,Görsel,104783,5864,9364.06,372,48302.06
2026-08-09,Fall Flash Deals,Sosyal Medya,Görsel,97054,2262,1922.21,100,6234.5
2026-08-09,Fall Flash Deals,Sosyal Medya,Carousel,119482,2743,2830.52,130,10990.72
2026-08-09,Black Friday Early,Google Arama,Video,86794,4892,10211.08,259,30323.51
2026-08-09,Black Friday Early,Google Arama,Görsel,107291,5531,10289.57,266,27905.24
2026-08-10,Spooky Savings,Influencer,Görsel,31853,1119,1816.49,65,5679.81
2026-08-10,Spooky Savings,Influencer,Görsel,108989,5567,5656.9,239,23404.63
2026-08-10,Harvest Discounts,Google Arama,Carousel,36032,1625,3501.57,63,4029.34
2026-08-10,Harvest Discounts,Influencer,Görsel,51434,1957,1437.62,64,5549.88
2026-08-10,Octoberfest Offers,Google Arama,Video,32819,1764,2549.64,77,8182.68
2026-08-10,Octoberfest Offers,E-posta,Carousel,60166,1955,903.68,126,15792.43
2026-08-10,Fall Flash Deals,Google Arama,Carousel,94899,3215,5982.06,118,7742.97
2026-08-10,Fall Flash Deals,Sosyal Medya,Carousel,46808,1332,1997.31,54,3660.06
2026-08-10,Black Friday Early,Influencer,Video,102219,5585,8012.68,283,28302.49
2026-08-10,Black Friday Early,Sosyal Medya,Video,80629,4314,5131.49,206,22221.58
2026-08-11,Spooky Savings,Sosyal Medya,Görsel,82892,3768,3655.61,213,24822.79
2026-08-11,Spooky Savings,Sosyal Medya,Video,113880,5619,5963.77,280,31021.11
2026-08-11,Harvest Discounts,Google Arama,Carousel,63184,3067,4389.83,135,11259.4
2026-08-11,Harvest Discounts,Sosyal Medya,Video,54464,2437,1273.1,82,6540.09
2026-08-11,Octoberfest Offers,Sosyal Medya,Görsel,119455,4955,5219.35,324,42818.71
2026-08-11,Octoberfest Offers,E-posta,Carousel,75700,3112,2018.77,216,29434.66
2026-08-11,Fall Flash Deals,Influencer,Video,81460,3305,4654.17,99,6239.92
2026-08-11,Fall Flash Deals,Sosyal Medya,Video,49629,1918,2637.79,68,4715.77
2026-08-11,Black Friday Early,Google Arama,Görsel,41543,2742,3440.85,107,9196.67
2026-08-11,Black Friday Early,E-posta,Görsel,36979,998,485.87,40,4993.0
2026-08-12,Spooky Savings,Influencer,Görsel,42355,2241,1323.34,85,10076.01
2026-08-12,Spooky Savings,E-posta,Görsel,39518,1520,630.17,98,9399.47
2026-08-12,Harvest Discounts,Influencer,Carousel,94672,3682,4138.73,183,10906.78
2026-08-12,Harvest Discounts,E-posta,Görsel,25794,656,230.47,29,2489.52
2026-08-12,Octoberfest Offers,Google Arama,Video,82938,3827,2760.77,333,35624.71
2026-08-12,Octoberfest Offers,Sosyal Medya,Video,114929,5889,7416.89,342,37773.14
2026-08-12,Fall Flash Deals,Influencer,Video,96555,2870,3089.43,169,12719.49
2026-08-12,Fall Flash Deals,Influencer,Video,60287,2111,2222.82,71,5121.82
2026-08-12,Black Friday Early,Sosyal Medya,Video,25940,996,771.89,47,4867.18
2026-08-12,Black Friday Early,E-posta,Görsel,103412,2654,1303.71,110,11156.77
2026-08-13,Spooky Savings,Sosyal Medya,Video,20314,1138,1117.32,62,5978.94
2026-08-13,Spooky Savings,E-posta,Carousel,88132,3476,1597.65,208,18789.08
2026-08-13,Harvest Discounts,Influencer,Video,87094,4265,5343.42,168,11651.02
2026-08-13,Harvest Discounts,Sosyal Medya,Video,39192,2201,1115.81,124,9524.12
2026-08-13,Octoberfest Offers,Google Arama,Carousel,93987,5550,11227.25,355,44336.0
2026-08-13,Octoberfest Offers,Sosyal Medya,Carousel,37546,1837,1062.15,118,13857.37
2026-08-13,Fall Flash Deals,E-posta,Video,42564,860,385.46,24,1395.04
2026-08-13,Fall Flash Deals,Influencer,Video,101198,2682,2148.07,104,8144.05
2026-08-13,Black Friday Early,Sosyal Medya,Video,117912,6787,7303.9,300,22154.31
2026-08-13,Black Friday Early,Google Arama,Görsel,46471,1937,2113.54,76,7912.21
2026-08-14,Spooky Savings,Influencer,Görsel,112133,4808,7647.64,202,17761.81
2026-08-14,Spooky Savings,Google Arama,Video,111328,7428,9385.98,599,57916.85
2026-08-14,Harvest Discounts,Sosyal Medya,Video,96940,3845,4624.12,147,12552.62
2026-08-14,Harvest Discounts,Google Arama,Görsel,34005,1281,1338.12,35,3178.59
2026-08-14,Octoberfest Offers,E-posta,Carousel,49941,1699,398.6,87,9547.5
2026-08-14,Octoberfest Offers,E-posta,Görsel,87770,3858,1639.87,232,29799.65
2026-08-14,Fall Flash Deals,Google Arama,Görsel,119921,3588,5280.4,143,10245.22
2026-08-14,Fall Flash Deals,Influencer,Video,101447,2621,2898.96,104,5784.8
2026-08-14,Black Friday Early,E-posta,Video,62026,2600,1823.11,136,18371.85
2026-08-14,Black Friday Early,Google Arama,Video,43525,2653,4575.51,104,9464.85
2026-08-15,Spooky Savings,Influencer,Carousel,116033,5442,9549.41,297,29635.33
2026-08-15,Spooky Savings,Influencer,Carousel,47620,1798,1630.83,73,7259.52
2026-08-15,Harvest Discounts,Google Arama,Carousel,54221,2112,3900.32,74,6115.81
2026-08-15,Harvest Discounts,Sosyal Medya,Carousel,116451,4150,4611.12,134,10083.78
2026-08-15,Octoberfest Offers,E-posta,Carousel,76166,3317,1750.78,149,19654.95
2026-08-15,Octoberfest Offers,E-posta,Carousel,46459,1360,969.68,102,9948.13
2026-08-15,Fall Flash Deals,Sosyal Medya,Video,20534,634,773.09,26,1805.62
2026-08-15,Fall Flash Deals,E-posta,Video,62995,1772,1187.09,76,4960.02
2026-08-15,Black Friday Early,Influencer,Video,118600,3339,4768.62,154,15563.19
2026-08-15,Black Friday Early,Sosyal Medya,Görsel,63251,3000,1920.37,161,18621.17
2026-08-16,Spooky Savings,E-posta,Video,89952,3045,1739.35,95,10191.91
2026-08-16,Spooky Savings,Sosyal Medya,Carousel,45303,2304,2379.45,139,12661.08
2026-08-16,Harvest Discounts,E-posta,Görsel,97561,2934,1994.55,124,10849.32
2026-08-16,Harvest Discounts,Google Arama,Görsel,97579,5248,9830.29,243,19556.04
2026-08-16,Octoberfest Offers,Sosyal Medya,Video,80830,4477,2751.33,297,31821.96
2026-08-16,Octoberfest Offers,Influencer,Video,97184,3082,2194.5,147,17093.97
2026-08-16,Fall Flash Deals,Sosyal Medya,Video,77882,2097,1209.07,50,3374.22
2026-08-16,Fall Flash Deals,E-posta,Carousel,57831,1327,622.57,40,2565.92
2026-08-16,Black Friday Early,Sosyal Medya,Görsel,93787,3619,2131.04,187,21627.67
2026-08-16,Black Friday Early,Influencer,Görsel,103512,4946,7051.27,262,29631.5
2026-08-17,Spooky Savings,E-posta,Video,104106,5113,2548.41,182,13989.72
2026-08-17,Spooky Savings,Influencer,Video,41307,2710,4231.45,108,8226.64
2026-08-17,Harvest Discounts,Google Arama,Görsel,87659,3792,4135.16,130,10930.01
2026-08-17,Harvest Discounts,Google Arama,Carousel,20430,613,886.35,23,1659.98
2026-08-17,Octoberfest Offers,E-posta,Carousel,77199,2551,722.32,109,13554.08
2026-08-17,Octoberfest Offers,Influencer,Video,77116,4595,7445.64,193,25330.37
2026-08-17,Fall Flash Deals,Influencer,Carousel,56349,1394,1061.89,40,2372.96
2026-08-17,Fall Flash Deals,Sosyal Medya,Video,119407,4170,2554.54,152,8837.75
2026-08-17,Black Friday Early,E-posta,Carousel,108296,4032,1316.45,137,18098.04
2026-08-17,Black Friday Early,Sosyal Medya,Video,23864,1093,1515.83,49,5617.4
2026-08-18,Spooky Savings,Google Arama,Video,40883,1232,1025.19,77,6946.99
2026-08-18,Spooky Savings,Influencer,Carousel,40799,1658,2144.55,60,5061.18
2026-08-18,Harvest Discounts,Google Arama,Video,109755,7409,13210.83,289,21703.83
2026-08-18,Harvest Discounts,Influencer,Görsel,71891,2566,3743.3,128,8777.02
2026-08-18,Octoberfest Offers,Google Arama,Görsel,92887,3358,3214.41,187,24818.85
2026-08-18,Octoberfest Offers,Sosyal Medya,Video,100994,6221,3532.2,334,36344.14
2026-08-18,Fall Flash Deals,Google Arama,Görsel,96761,3394,4552.97,153,12115.41
2026-08-18,Fall Flash Deals,E-posta,Carousel,28904,776,252.38,25,1665.87
2026-08-18,Black Friday Early,Influencer,Carousel,34033,1572,2194.7,90,8660.5
2026-08-18,Black Friday Early,E-posta,Video,59523,2309,927.21,116,12107.25
2026-08-19,Spooky Savings,Influencer,Görsel,53837,3028,3311.78,143,9307.08
2026-08-19,Spooky Savings,Influencer,Video,94707,6303,4332.16,357,33423.5
2026-08-19,Harvest Discounts,Influencer,Video,35623,2227,2754.21,97,7601.59
2026-08-19,Harvest Discounts,E-posta,Video,57154,2165,685.95,108,9495.09
2026-08-19,Octoberfest Offers,Google Arama,Carousel,43657,1757,2957.55,95,8819.53
2026-08-19,Octoberfest Offers,Google Arama,Carousel,38883,2363,1844.76,147,20099.44
2026-08-19,Fall Flash Deals,Sosyal Medya,Carousel,37280,1258,1979.44,44,3383.29
2026-08-19,Fall Flash Deals,Google Arama,Görsel,39549,1683,2846.83,69,5555.68
2026-08-19,Black Friday Early,Influencer,Görsel,76437,3104,2389.75,111,12132.75
2026-08-19,Black Friday Early,Google Arama,Görsel,61004,3689,2567.29,208,25663.76
2026-08-20,Spooky Savings,Sosyal Medya,Görsel,63528,3558,3088.02,201,15723.79
2026-08-20,Spooky Savings,E-posta,Görsel,67941,3817,1147.55,139,14334.9
2026-08-20,Harvest Discounts,Influencer,Video,94105,3610,2939.54,188,13648.21
2026-08-20,Harvest Discounts,Influencer,Video,106181,4279,6872.19,262,16806.39
2026-08-20,Octoberfest Offers,Google Arama,Carousel,72643,3861,6064.7,291,30209.4
2026-08-20,Octoberfest Offers,Google Arama,Görsel,84225,4319,4047.07,350,42027.88
2026-08-20,Fall Flash Deals,E-posta,Carousel,93855,1765,883.46,64,4036.86
2026-08-20,Fall Flash Deals,Sosyal Medya,Video,89040,1403,1096.25,32,2341.09
2026-08-20,Black Friday Early,Google Arama,Görsel,33426,1540,3271.97,42,3617.51
2026-08-20,Black Friday Early,Sosyal Medya,Video,118298,5652,3029.66,276,22610.56
2026-08-21,Spooky Savings,Influencer,Video,36481,1965,2821.95,88,9736.78
2026-08-21,Spooky Savings,E-posta,Video,61184,3548,2155.88,146,15374.28
2026-08-21,Harvest Discounts,Influencer,Video,85260,3790,2392.5,154,10768.72
2026-08-21,Harvest Discounts,Influencer,Carousel,60335,2944,2231.44,137,10956.05
2026-08-21,Octoberfest Offers,Influencer,Video,44313,2572,2610.61,108,14545.54
2026-08-21,Octoberfest Offers,Sosyal Medya,Görsel,112334,5806,8447.56,324,40835.82
2026-08-21,Fall Flash Deals,Influencer,Görsel,27152,878,1053.4,42,2992.29
2026-08-21,Fall Flash Deals,Sosyal Medya,Görsel,44587,1556,1899.62,42,3326.37
2026-08-21,Black Friday Early,Google Arama,Görsel,119299,6025,11072.59,333,33418.08
2026-08-21,Black Friday Early,E-posta,Video,92981,3630,2304.76,150,16561.73
2026-08-22,Spooky Savings,Google Arama,Carousel,28697,1835,2536.49,106,10048.43
2026-08-22,Spooky Savings,Sosyal Medya,Carousel,95457,4344,4603.22,278,25545.56
2026-08-22,Harvest Discounts,Sosyal Medya,Görsel,116950,4517,5826.06,217,16547.96
2026-08-22,Harvest Discounts,Influencer,Görsel,29778,1653,1435.87,82,6617.36
2026-08-22,Octoberfest Offers,Google Arama,Video,61405,3680,7153.62,170,20484.23
2026-08-22,Octoberfest Offers,Google Arama,Carousel,66823,4042,2853.12,312,32729.62
2026-08-22,Fall Flash Deals,Influencer,Video,33101,1400,1101.64,41,3146.14
2026-08-22,Fall Flash Deals,Sosyal Medya,Video,40056,1513,2088.27,57,3522.51
2026-08-22,Black Friday Early,Influencer,Video,37375,1845,1774.36,90,9640.74
2026-08-22,Black Friday Early,Influencer,Carousel,38537,968,707.9,49,5199.01
2026-08-23,Spooky Savings,E-posta,Görsel,60352,2533,804.08,140,13871.53
2026-08-23,Spooky Savings,Sosyal Medya,Carousel,66382,1913,2073.37,80,5667.38
2026-08-23,Harvest Discounts,Sosyal Medya,Carousel,43798,1993,2851.58,58,5136.06
2026-08-23,Harvest Discounts,Google Arama,Video,48942,2541,1981.77,125,9187.61
2026-08-23,Octoberfest Offers,E-posta,Carousel,39223,1666,399.99,107,14719.72
2026-08-23,Octoberfest Offers,Sosyal Medya,Görsel,99606,3754,3797.87,292,33029.41
2026-08-23,Fall Flash Deals,Google Arama,Görsel,41175,1038,2174.55,37,2574.82
2026-08-23,Fall Flash Deals,Sosyal Medya,Video,110760,3636,2933.93,91,7832.9
2026-08-23,Black Friday Early,E-posta,Carousel,73885,2350,1644.51,132,14036.77
2026-08-23,Black Friday Early,Sosyal Medya,Video,100272,4094,6044.58,175,22111.74
2026-08-24,Spooky Savings,E-posta,Video,83639,3651,1333.17,203,19375.36
2026-08-24,Spooky Savings,Sosyal Medya,Görsel,46603,3351,4686.85,149,14860.63
2026-08-24,Harvest Discounts,Sosyal Medya,Video,80136,3716,4661.55,210,16941.04
2026-08-24,Harvest Discounts,Sosyal Medya,Video,47413,2272,2415.15,76,6698.59
2026-08-24,Octoberfest Offers,Influencer,Görsel,31856,1816,1928.1,104,11453.35
2026-08-24,Octoberfest Offers,Sosyal Medya,Video,45472,2902,4054.25,185,19578.49
2026-08-24,Fall Flash Deals,Google Arama,Carousel,47564,1607,2977.33,44,2843.98
2026-08-24,Fall Flash Deals,E-posta,Video,33503,529,317.23,20,1416.75
2026-08-24,Black Friday Early,E-posta,Görsel,22360,691,496.92,43,4604.66
2026-08-24,Black Friday Early,E-posta,Görsel,114379,4194,1937.06,175,20890.73
2026-08-25,Spooky Savings,Influencer,Görsel,71342,3109,4745.51,175,19227.94
2026-08-25,Spooky Savings,Google Arama,Görsel,60204,3497,6839.36,71,5955.16
2026-08-25,Harvest Discounts,Influencer,Görsel,112995,3917,3157.26,161,11745.61
2026-08-25,Harvest Discounts,Google Arama,Carousel,42468,2427,1789.84,94,6223.94
2026-08-25,Octoberfest Offers,Influencer,Video,60287,3793,3943.75,194,28952.05
2026-08-25,Octoberfest Offers,E-posta,Video,104667,4715,3060.43,364,45276.96
2026-08-25,Fall Flash Deals,E-posta,Görsel,83203,2072,762.72,70,5182.12
2026-08-25,Fall Flash Deals,Influencer,Carousel,59919,1833,2560.72,64,3759.5
2026-08-25,Black Friday Early,Influencer,Video,45582,2326,1299.98,99,10888.47
2026-08-25,Black Friday Early,Influencer,Görsel,23511,813,796.73,22,2567.89
2026-08-26,Spooky Savings,E-posta,Carousel,28505,663,351.18,25,2302.96
2026-08-26,Spooky Savings,Sosyal Medya,Görsel,36194,1784,1146.64,112,12013.46
2026-08-26,Harvest Discounts,Google Arama,Carousel,98661,4698,9426.36,104,10628.13
2026-08-26,Harvest Discounts,Sosyal Medya,Görsel,83925,3678,2471.25,127,9005.34
2026-08-26,Octoberfest Offers,Influencer,Görsel,63346,4022,6639.72,229,24109.57
2026-08-26,Octoberfest Offers,Sosyal Medya,Video,98290,6353,4688.69,550,59048.17
2026-08-26,Fall Flash Deals,Sosyal Medya,Carousel,36078,828,1319.59,35,2922.22
2026-08-26,Fall Flash Deals,Sosyal Medya,Video,41093,1206,1405.26,38,2992.72
2026-08-26,Black Friday Early,E-posta,Görsel,59272,2060,549.51,124,13418.17
2026-08-26,Black Friday Early,E-posta,Görsel,111739,5205,1339.31,204,22538.45
2026-08-27,Spooky Savings,Influencer,Görsel,81423,5444,3487.73,347,29734.92
2026-08-27,Spooky Savings,Google Arama,Görsel,105099,7576,11750.31,277,29125.53
2026-08-27,Harvest Discounts,Google Arama,Görsel,44816,1875,3519.8,96,7329.88
2026-08-27,Harvest Discounts,Sosyal Medya,Carousel,104838,3174,2993.9,120,9300.39
2026-08-27,Octoberfest Offers,Sosyal Medya,Görsel,27247,1400,1385.05,67,8627.36
2026-08-27,Octoberfest Offers,Google Arama,Görsel,42766,1928,2988.58,115,13488.68
2026-08-27,Fall Flash Deals,Influencer,Video,72302,2387,2852.42,92,6258.42
2026-08-27,Fall Flash Deals,E-posta,Görsel,25053,549,310.51,17,1191.51
2026-08-27,Black Friday Early,Influencer,Görsel,105826,5991,6715.08,316,38077.59
2026-08-27,Black Friday Early,Sosyal Medya,Video,106742,4476,5752.76,183,24107.27
2026-08-28,Spooky Savings,Sosyal Medya,Video,74146,2235,3569.39,132,13421.04
2026-08-28,Spooky Savings,Influencer,Görsel,50580,2913,2836.86,167,17394.35
2026-08-28,Harvest Discounts,Sosyal Medya,Görsel,29896,940,482.63,38,2967.09
2026-08-28,Harvest Discounts,Sosyal Medya,Görsel,81891,2970,1895.42,112,8198.98
2026-08-28,Octoberfest Offers,Google Arama,Video,73767,4574,6847.13,296,38307.55
2026-08-28,Octoberfest Offers,Influencer,Video,95996,5059,4889.79,356,43597.85
2026-08-28,Fall Flash Deals,E-posta,Video,80253,2299,1586.98,122,7082.09
2026-08-28,Fall Flash Deals,Sosyal Medya,Carousel,32829,665,791.48,29,1950.08
2026-08-28,Black Friday Early,Influencer,Carousel,32176,1283,1513.47,73,7950.12
2026-08-28,Black Friday Early,Influencer,Video,98083,5428,8226.83,429,44299.38
2026-08-29,Spooky Savings,Influencer,Görsel,35902,1686,1454.84,98,10965.4
2026-08-29,Spooky Savings,Influencer,Video,113851,4783,7374.83,277,27830.24
2026-08-29,Harvest Discounts,Sosyal Medya,Video,30594,1381,695.15,66,6150.04
2026-08-29,Harvest Discounts,Influencer,Video,92837,4949,6432.76,161,13287.15
2026-08-29,Octoberfest Offers,Google Arama,Video,117523,7343,15149.45,417,50528.72
2026-08-29,Octoberfest Offers,Influencer,Görsel,64122,2053,3086.3,114,12142.48
2026-08-29,Fall Flash Deals,E-posta,Carousel,25671,648,419.61,27,1892.71
2026-08-29,Fall Flash Deals,Influencer,Video,107667,2604,2682.94,92,6450.09
2026-08-29,Black Friday Early,E-posta,Görsel,38730,1308,827.96,63,5793.11
2026-08-29,Black Friday Early,E-posta,Görsel,72745,1955,972.93,114,11728.12
2026-08-30,Spooky Savings,E-posta,Carousel,118453,3598,1911.18,224,20454.47
2026-08-30,Spooky Savings,Influencer,Görsel,94477,4591,2852.33,232,23133.57
2026-08-30,Harvest Discounts,E-posta,Video,24631,768,249.42,27,2279.58
2026-08-30,Harvest Discounts,Sosyal Medya,Görsel,102050,3247,3591.38,170,12651.29
2026-08-30,Octoberfest Offers,Influencer,Video,36124,2214,1375.22,163,20660.53
2026-08-30,Octoberfest Offers,E-posta,Carousel,94935,3143,1860.71,128,15024.39
2026-08-30,Fall Flash Deals,Google Arama,Video,82095,3785,7276.6,129,5920.48
2026-08-30,Fall Flash Deals,E-posta,Görsel,48785,1148,781.31,43,2834.93
2026-08-30,Black Friday Early,Influencer,Video,62360,2687,1808.73,149,18512.15
2026-08-30,Black Friday Early,Influencer,Görsel,31784,1180,1990.73,67,5882.61
2026-08-31,Spooky Savings,Influencer,Carousel,118678,4407,2784.43,246,23686.03
2026-08-31,Spooky Savings,Google Arama,Görsel,43833,2767,3815.62,164,18543.8
2026-08-31,Harvest Discounts,Influencer,Görsel,50867,1885,2953.24,80,5815.85
2026-08-31,Harvest Discounts,Google Arama,Carousel,70287,1812,1412.29,65,5201.34
2026-08-31,Octoberfest Offers,E-posta,Carousel,87238,2837,663.93,169,17106.55
2026-08-31,Octoberfest Offers,E-posta,Video,70527,2382,565.37,151,21658.25
2026-08-31,Fall Flash Deals,Sosyal Medya,Görsel,70513,2534,2692.11,92,6375.6
2026-08-31,Fall Flash Deals,Google Arama,Görsel,78264,1899,3570.54,41,2886.06
2026-08-31,Black Friday Early,Sosyal Medya,Görsel,105769,3133,2005.65,135,17263.36
2026-08-31,Black Friday Early,Sosyal Medya,Video,59510,3198,2037.35,153,18165.92
2026-09-01,Spooky Savings,Google Arama,Video,103213,8629,13109.97,426,36217.6
2026-09-01,Spooky Savings,Google Arama,Carousel,98689,5127,5244.56,255,22343.36
2026-09-01,Harvest Discounts,Sosyal Medya,Carousel,116100,3704,4827.18,173,14661.98
2026-09-01,Harvest Discounts,Google Arama,Carousel,111315,5564,11602.1,179,13247.51
2026-09-01,Octoberfest Offers,E-posta,Carousel,99818,2088,1261.54,84,7518.98
2026-09-01,Octoberfest Offers,Sosyal Medya,Görsel,44672,1336,1957.1,78,9300.2
2026-09-01,Fall Flash Deals,Google Arama,Carousel,97429,3237,4682.6,139,8001.7
2026-09-01,Fall Flash Deals,Google Arama,Carousel,93652,4192,8010.89,212,17718.27
2026-09-01,Black Friday Early,E-posta,Görsel,48950,1443,455.32,80,8986.69
2026-09-01,Black Friday Early,Google Arama,Görsel,87797,4469,3470.16,143,14021.39
2026-09-02,Spooky Savings,E-posta,Video,45296,2345,1289.04,117,10183.16
2026-09-02,Spooky Savings,Google Arama,Görsel,72309,5983,4500.11,334,24535.93
2026-09-02,Harvest Discounts,Google Arama,Video,99674,4501,9003.51,197,13680.7
2026-09-02,Harvest Discounts,Google Arama,Video,38853,1952,3322.22,92,8257.62
2026-09-02,Octoberfest Offers,Sosyal Medya,Görsel,53695,3208,4964.13,162,24646.31
2026-09-02,Octoberfest Offers,E-posta,Görsel,99523,2601,989.35,167,21786.84
2026-09-02,Fall Flash Deals,Sosyal Medya,Video,65379,2429,2513.47,98,6784.23
2026-09-02,Fall Flash Deals,Google Arama,Carousel,116062,3317,5892.35,145,9623.87
2026-09-02,Black Friday Early,Influencer,Carousel,20796,931,785.54,36,3505.47
2026-09-02,Black Friday Early,Influencer,Video,92183,4344,5237.29,191,26203.08
2026-09-03,Spooky Savings,E-posta,Video,101419,3609,1990.13,77,7149.32
2026-09-03,Spooky Savings,Influencer,Video,111785,5440,9434.91,248,29541.31
2026-09-03,Harvest Discounts,Influencer,Carousel,35675,1483,2151.97,55,5135.78
2026-09-03,Harvest Discounts,Google Arama,Carousel,118418,6283,5343.22,206,13037.4
2026-09-03,Octoberfest Offers,Influencer,Video,59227,3206,3607.24,211,23296.57
2026-09-03,Octoberfest Offers,Google Arama,Carousel,55205,3144,4871.08,197,21742.05
2026-09-03,Fall Flash Deals,Google Arama,Video,55554,2401,2143.46,44,3050.49
2026-09-03,Fall Flash Deals,E-posta,Video,83822,1735,761.36,67,4656.06
2026-09-03,Black Friday Early,Influencer,Carousel,85929,4284,3828.38,162,24227.16
2026-09-03,Black Friday Early,Influencer,Video,67393,3810,2643.31,201,19251.9
2026-09-04,Spooky Savings,Google Arama,Video,27103,2439,3500.9,92,8980.14
2026-09-04,Spooky Savings,E-posta,Görsel,118662,4248,1304.09,226,23058.37
2026-09-04,Harvest Discounts,Sosyal Medya,Görsel,42210,1394,1602.53,55,4399.17
2026-09-04,Harvest Discounts,Influencer,Carousel,29380,1324,1000.06,60,4863.46
2026-09-04,Octoberfest Offers,E-posta,Carousel,79738,3293,1920.41,215,22565.27
2026-09-04,Octoberfest Offers,E-posta,Video,61237,2231,717.59,134,16285.48
2026-09-04,Fall Flash Deals,Influencer,Video,81556,2609,4264.42,64,4754.93
2026-09-04,Fall Flash Deals,E-posta,Carousel,107553,2643,628.96,66,4801.62
2026-09-04,Black Friday Early,Sosyal Medya,Video,29732,1133,1217.07,47,5523.75
2026-09-04,Black Friday Early,Google Arama,Carousel,48405,2241,2577.95,107,13765.17
2026-09-05,Spooky Savings,Sosyal Medya,Görsel,71657,3495,2612.81,160,16909.03
2026-09-05,Spooky Savings,E-posta,Video,98779,5009,2296.34,303,29031.27
2026-09-05,Harvest Discounts,Sosyal Medya,Carousel,80064,2568,3662.54,102,7012.61
2026-09-05,Harvest Discounts,Sosyal Medya,Video,58278,1570,2365.68,52,3860.48
2026-09-05,Octoberfest Offers,E-posta,Görsel,81006,1910,716.46,114,13319.45
2026-09-05,Octoberfest Offers,E-posta,Görsel,117997,3284,989.64,220,27199.43
2026-09-05,Fall Flash Deals,E-posta,Görsel,68005,1163,676.25,46,3035.17
2026-09-05,Fall Flash Deals,Influencer,Görsel,108352,3244,4068.68,170,10563.77
2026-09-05,Black Friday Early,Influencer,Görsel,97995,3389,2688.25,138,13015.58
2026-09-05,Black Friday Early,Sosyal Medya,Carousel,50132,1751,2339.91,82,7232.77
2026-09-06,Spooky Savings,Influencer,Carousel,44950,2042,2405.28,119,10986.27
2026-09-06,Spooky Savings,E-posta,Görsel,97019,3430,1881.12,181,14162.49
2026-09-06,Harvest Discounts,E-posta,Video,40747,1627,655.47,61,4294.09
2026-09-06,Harvest Discounts,Sosyal Medya,Görsel,53685,2162,2125.26,60,4573.11
2026-09-06,Octoberfest Offers,E-posta,Carousel,43539,1571,493.72,89,8967.89
2026-09-06,Octoberfest Offers,E-posta,Video,80636,2981,1787.04,145,18192.92
2026-09-06,Fall Flash Deals,E-posta,Görsel,49413,1020,308.78,23,1753.01
2026-09-06,Fall Flash Deals,Sosyal Medya,Görsel,85848,2545,3451.36,78,5100.02
2026-09-06,Black Friday Early,E-posta,Video,113484,4494,2786.34,166,17302.39
2026-09-06,Black Friday Early,Influencer,Görsel,102959,3790,5508.34,205,24004.28
2026-09-07,Spooky Savings,E-posta,Video,114795,4969,1165.8,300,26058.14
2026-09-07,Spooky Savings,Sosyal Medya,Carousel,22445,683,546.7,29,2496.23
2026-09-07,Harvest Discounts,Influencer,Carousel,65545,2694,3008.36,108,9880.53
2026-09-07,Harvest Discounts,Influencer,Carousel,42015,1892,2403.99,47,4158.95
2026-09-07,Octoberfest Offers,Sosyal Medya,Görsel,111786,4776,7217.23,272,34996.15
2026-09-07,Octoberfest Offers,Influencer,Video,91191,6708,6738.07,468,62398.1
2026-09-07,Fall Flash Deals,Google Arama,Görsel,52022,1531,3022.82,67,3577.19
2026-09-07,Fall Flash Deals,E-posta,Carousel,76352,1777,543.58,56,4556.84
2026-09-07,Black Friday Early,Google Arama,Görsel,80543,4001,4906.63,237,27296.53
2026-09-07,Black Friday Early,Influencer,Carousel,69560,3005,1842.85,96,11840.86
2026-09-08,Spooky Savings,Influencer,Video,67435,3905,5656.05,151,15011.46
2026-09-08,Spooky Savings,Influencer,Carousel,25520,1373,1005.43,84,8026.85
2026-09-08,Harvest Discounts,Influencer,Video,65246,3335,2871.42,195,15084.62
2026-09-08,Harvest Discounts,Influencer,Video,54827,3034,4514.69,144,12027.54
2026-09-08,Octoberfest Offers,Sosyal Medya,Görsel,101825,4580,4983.9,291,33613.65
2026-09-08,Octoberfest Offers,Google Arama,Video,106510,7694,5353.1,255,33786.84
2026-09-08,Fall Flash Deals,E-posta,Video,95041,2083,470.98,43,2436.97
2026-09-08,Fall Flash Deals,E-posta,Video,23089,659,314.86,25,1636.27
2026-09-08,Black Friday Early,Sosyal Medya,Görsel,104122,3593,3001.78,159,21781.68
2026-09-08,Black Friday Early,Sosyal Medya,Carousel,59643,2854,1993.07,104,10580.52
2026-09-09,Spooky Savings,E-posta,Video,61636,3705,1958.94,201,18548.08
2026-09-09,Spooky Savings,E-posta,Görsel,114514,4300,1453.73,236,20045.5
2026-09-09,Harvest Discounts,Sosyal Medya,Carousel,106729,2325,2677.07,120,9986.89
2026-09-09,Harvest Discounts,Sosyal Medya,Video,25088,911,835.56,40,2917.27
2026-09-09,Octoberfest Offers,Sosyal Medya,Video,55983,3447,2431.59,281,32968.94
2026-09-09,Octoberfest Offers,E-posta,Carousel,94970,3759,1102.75,242,31998.13
2026-09-09,Fall Flash Deals,Sosyal Medya,Carousel,73884,2161,1643.54,79,5066.3
2026-09-09,Fall Flash Deals,E-posta,Görsel,45761,1211,290.36,56,4290.96
2026-09-09,Black Friday Early,Google Arama,Carousel,72477,3939,4461.19,149,18007.16
2026-09-09,Black Friday Early,Google Arama,Video,106660,7282,14668.88,570,70637.49
2026-09-10,Spooky Savings,E-posta,Video,42328,2121,1350.07,123,11882.07
2026-09-10,Spooky Savings,E-posta,Görsel,94606,4627,1893.1,269,35494.65
2026-09-10,Harvest Discounts,E-posta,Video,93476,3209,1636.71,153,13788.9
2026-09-10,Harvest Discounts,Influencer,Carousel,108570,4999,6181.29,303,25185.0
2026-09-10,Octoberfest Offers,Influencer,Görsel,49794,2328,3614.85,176,18900.06
2026-09-10,Octoberfest Offers,Influencer,Carousel,41592,1835,1533.9,76,9013.78
2026-09-10,Fall Flash Deals,E-posta,Görsel,74765,2189,813.68,107,8771.98
2026-09-10,Fall Flash Deals,Google Arama,Video,73129,2978,3344.74,103,8689.09
2026-09-10,Black Friday Early,Sosyal Medya,Video,60953,3126,1703.54,154,19945.15
2026-09-10,Black Friday Early,E-posta,Video,97926,3587,1365.82,124,14925.2
2026-09-11,Spooky Savings,Sosyal Medya,Carousel,99904,4289,6286.41,257,20736.17
2026-09-11,Spooky Savings,Influencer,Video,44569,2640,4365.25,121,12166.99
2026-09-11,Harvest Discounts,Influencer,Video,99552,5556,3792.85,244,16612.14
2026-09-11,Harvest Discounts,Sosyal Medya,Video,43074,1910,1917.38,77,5060.46
2026-09-11,Octoberfest Offers,Influencer,Video,60763,2330,2356.64,214,26416.99
2026-09-11,Octoberfest Offers,Sosyal Medya,Carousel,22718,982,1019.61,91,11605.6
2026-09-11,Fall Flash Deals,E-posta,Video,54039,1790,894.26,68,5276.01
2026-09-11,Fall Flash Deals,Sosyal Medya,Carousel,115851,3118,1628.48,119,8826.94
2026-09-11,Black Friday Early,Google Arama,Video,64256,2432,4683.37,108,12637.83
2026-09-11,Black Friday Early,E-posta,Görsel,91001,3904,2759.99,235,22795.61
2026-09-12,Spooky Savings,E-posta,Görsel,30792,1327,727.77,66,6191.02
2026-09-12,Spooky Savings,Google Arama,Video,83556,5544,9179.6,271,21088.91
2026-09-12,Harvest Discounts,Influencer,Carousel,57157,2112,2510.86,110,6684.44
2026-09-12,Harvest Discounts,Influencer,Carousel,94399,4466,4262.67,170,14808.73
2026-09-12,Octoberfest Offers,Sosyal Medya,Carousel,112801,4580,3040.55,294,32091.57
2026-09-12,Octoberfest Offers,E-posta,Video,73161,3559,1829.72,150,19884.6
2026-09-12,Fall Flash Deals,E-posta,Video,30282,833,205.96,36,2855.16
2026-09-12,Fall Flash Deals,Google Arama,Görsel,67613,2470,4691.48,133,8618.1
2026-09-12,Black Friday Early,E-posta,Video,32310,1188,514.82,66,7774.28
2026-09-12,Black Friday Early,Influencer,Görsel,64953,2767,2910.48,177,17925.27
2026-09-13,Spooky Savings,Influencer,Görsel,26114,1638,1549.35,72,5324.9
2026-09-13,Spooky Savings,Influencer,Görsel,84043,3746,6454.05,213,20534.42
2026-09-13,Harvest Discounts,E-posta,Carousel,51045,1040,324.05,35,2641.79
2026-09-13,Harvest Discounts,Google Arama,Görsel,40153,2006,1804.78,82,6213.56
2026-09-13,Octoberfest Offers,Influencer,Video,21730,1341,1006.14,101,14992.94
2026-09-13,Octoberfest Offers,Google Arama,Video,108805,7447,12309.25,494,48425.66
2026-09-13,Fall Flash Deals,E-posta,Görsel,103719,2493,1784.96,65,4759.05
2026-09-13,Fall Flash Deals,Google Arama,Görsel,101175,3336,3418.33,89,5486.28
2026-09-13,Black Friday Early,Google Arama,Video,25813,1650,3332.74,55,6709.4
2026-09-13,Black Friday Early,Sosyal Medya,Görsel,54956,2180,1758.12,117,13330.9
2026-09-14,Spooky Savings,Influencer,Carousel,117134,5642,7526.2,444,44100.09
2026-09-14,Spooky Savings,Sosyal Medya,Carousel,77860,3527,1920.62,248,20888.61
2026-09-14,Harvest Discounts,Sosyal Medya,Görsel,32849,1612,1684.89,40,2906.01
2026-09-14,Harvest Discounts,Influencer,Video,34102,1040,1395.71,59,5245.19
2026-09-14,Octoberfest Offers,E-posta,Video,46311,2035,998.12,159,23134.42
2026-09-14,Octoberfest Offers,Google Arama,Görsel,117234,4601,4730.68,197,25002.54
2026-09-14,Fall Flash Deals,E-posta,Video,36961,909,577.31,32,1998.77
2026-09-14,Fall Flash Deals,Google Arama,Görsel,110289,3558,7527.49,167,12165.46
2026-09-14,Black Friday Early,Sosyal Medya,Görsel,87801,2193,2204.22,120,17045.12
2026-09-14,Black Friday Early,E-posta,Video,112189,4302,2322.13,149,16591.45
2026-09-15,Spooky Savings,Sosyal Medya,Video,102601,5138,7036.26,316,35286.14
2026-09-15,Spooky Savings,E-posta,Video,53216,1423,490.28,40,3462.41
2026-09-15,Harvest Discounts,Influencer,Carousel,102789,4685,7477.19,193,15362.02
2026-09-15,Harvest Discounts,Influencer,Görsel,36913,1839,1634.95,99,8508.83
2026-09-15,Octoberfest Offers,Google Arama,Video,49096,3922,7165.92,256,32184.71
2026-09-15,Octoberfest Offers,Influencer,Carousel,41177,2169,1487.15,125,13620.5
2026-09-15,Fall Flash Deals,E-posta,Görsel,33316,752,276.55,34,2148.8
2026-09-15,Fall Flash Deals,Google Arama,Görsel,29000,1257,1844.55,58,4541.49
2026-09-15,Black Friday Early,Sosyal Medya,Carousel,38739,2018,2174.22,127,15967.52
2026-09-15,Black Friday Early,Google Arama,Video,32011,2158,4181.97,125,16245.04
2026-09-16,Spooky Savings,E-posta,Video,58042,2073,1488.59,139,16063.51
2026-09-16,Spooky Savings,Influencer,Görsel,27130,1484,1008.71,93,8977.72
2026-09-16,Harvest Discounts,Sosyal Medya,Video,26127,1136,907.13,52,4004.65
2026-09-16,Harvest Discounts,E-posta,Görsel,118982,2310,928.65,102,9482.89
2026-09-16,Octoberfest Offers,Influencer,Video,28769,1729,1952.89,107,13938.7
2026-09-16,Octoberfest Offers,Influencer,Video,27405,2140,2455.93,102,10796.97
2026-09-16,Fall Flash Deals,Google Arama,Video,23010,1005,1956.18,30,1839.52
2026-09-16,Fall Flash Deals,Sosyal Medya,Görsel,33254,1178,1587.49,42,3113.55
2026-09-16,Black Friday Early,Google Arama,Video,72791,4210,2959.61,217,23362.21
2026-09-16,Black Friday Early,Influencer,Video,102725,4995,5497.38,322,35307.66
2026-09-17,Spooky Savings,Influencer,Carousel,93489,5274,6844.96,284,30452.43
2026-09-17,Spooky Savings,E-posta,Video,78024,2862,1296.19,190,19694.07
2026-09-17,Harvest Discounts,Sosyal Medya,Video,28502,949,610.88,51,4731.11
2026-09-17,Harvest Discounts,Sosyal Medya,Video,97441,4824,4521.16,199,12229.99
2026-09-17,Octoberfest Offers,Google Arama,Video,23725,1863,2396.39,137,16939.9
2026-09-17,Octoberfest Offers,E-posta,Video,83091,2752,874.91,170,22100.6
2026-09-17,Fall Flash Deals,Sosyal Medya,Görsel,60933,2003,2667.87,98,5603.31
2026-09-17,Fall Flash Deals,E-posta,Video,108217,2672,1026.3,116,7481.87
2026-09-17,Black Friday Early,E-posta,Carousel,50753,1723,890.01,62,6132.15
2026-09-17,Black Friday Early,Sosyal Medya,Carousel,83846,3631,3875.38,184,20292.7
2026-09-18,Spooky Savings,Sosyal Medya,Video,63999,4056,5942.73,301,34180.82
2026-09-18,Spooky Savings,Google Arama,Video,72212,4924,4215.89,258,30458.84
2026-09-18,Harvest Discounts,E-posta,Video,113879,4605,1296.58,221,15952.41
2026-09-18,Harvest Discounts,Influencer,Görsel,91274,3815,3484.57,186,15820.22
2026-09-18,Octoberfest Offers,Google Arama,Video,61455,4306,5663.92,217,27786.13
2026-09-18,Octoberfest Offers,Google Arama,Carousel,64739,3095,3461.25,225,28255.91
2026-09-18,Fall Flash Deals,Influencer,Carousel,90457,3868,5699.33,102,7481.85
2026-09-18,Fall Flash Deals,Google Arama,Carousel,54606,2072,2153.26,68,4933.5
2026-09-18,Black Friday Early,Google Arama,Görsel,36785,2075,1661.85,126,16666.77
2026-09-18,Black Friday Early,Google Arama,Carousel,66765,2371,3057.39,125,15569.07
2026-09-19,Spooky Savings,Sosyal Medya,Video,26822,1228,1658.68,62,5140.68
2026-09-19,Spooky Savings,Google Arama,Görsel,36971,2712,5256.09,162,16859.54
2026-09-19,Harvest Discounts,E-posta,Video,62070,2105,1237.75,90,7971.01
2026-09-19,Harvest Discounts,Influencer,Carousel,99657,2586,3167.96,113,9381.68
2026-09-19,Octoberfest Offers,E-posta,Görsel,98141,4193,2446.51,315,42932.14
2026-09-19,Octoberfest Offers,Influencer,Carousel,46070,2057,2827.31,113,13866.03
2026-09-19,Fall Flash Deals,E-posta,Video,62192,1956,667.02,75,5376.29
2026-09-19,Fall Flash Deals,Sosyal Medya,Carousel,35353,974,1077.08,34,2414.63
2026-09-19,Black Friday Early,Google Arama,Görsel,95524,4952,9009.45,159,13254.11
2026-09-19,Black Friday Early,Influencer,Görsel,44635,2380,2222.24,93,10131.3
2026-09-20,Spooky Savings,Sosyal Medya,Carousel,99952,4022,4904.31,296,25865.06
2026-09-20,Spooky Savings,Influencer,Video,104207,5061,5732.04,300,24442.35
2026-09-20,Harvest Discounts,E-posta,Video,88908,2766,1311.26,86,8063.93
2026-09-20,Harvest Discounts,Google Arama,Görsel,53020,2741,2216.73,79,6702.39
2026-09-20,Octoberfest Offers,Influencer,Video,115290,4860,6590.76,312,37305.97
2026-09-20,Octoberfest Offers,Influencer,Video,88604,3437,5490.54,304,34007.52
2026-09-20,Fall Flash Deals,Sosyal Medya,Video,84583,3045,1996.22,112,8118.64
2026-09-20,Fall Flash Deals,Sosyal Medya,Video,105640,2953,2665.72,146,11435.9
2026-09-20,Black Friday Early,E-posta,Carousel,108146,3216,801.07,171,16943.37
2026-09-20,Black Friday Early,Influencer,Görsel,27774,813,476.3,44,4837.2
2026-09-21,Spooky Savings,Sosyal Medya,Video,108154,5103,8106.75,197,20664.5
2026-09-21,Spooky Savings,E-posta,Görsel,96502,3700,1736.29,245,17867.75
2026-09-21,Harvest Discounts,Sosyal Medya,Görsel,40652,1708,1521.95,69,5481.87
2026-09-21,Harvest Discounts,E-posta,Görsel,50766,1259,454.58,65,4932.12
2026-09-21,Octoberfest Offers,E-posta,Carousel,95266,4452,3161.39,241,28455.56
2026-09-21,Octoberfest Offers,Sosyal Medya,Carousel,41662,1643,1277.39,112,12630.97
2026-09-21,Fall Flash Deals,E-posta,Video,65241,1435,838.36,59,4198.21
2026-09-21,Fall Flash Deals,Influencer,Video,88890,3914,3496.56,145,12492.98
2026-09-21,Black Friday Early,Influencer,Görsel,85048,3884,2467.48,209,22096.36
2026-09-21,Black Friday Early,Sosyal Medya,Görsel,110979,3998,5003.91,186,21176.21
2026-09-22,Spooky Savings,Sosyal Medya,Görsel,31153,1453,729.11,68,8006.33
2026-09-22,Spooky Savings,Sosyal Medya,Görsel,49501,2954,3672.78,220,19520.56
2026-09-22,Harvest Discounts,Google Arama,Görsel,118487,6739,7054.45,365,35558.62
2026-09-22,Harvest Discounts,Sosyal Medya,Video,76883,2644,3491.97,96,7684.91
2026-09-22,Octoberfest Offers,Influencer,Video,44870,2468,3656.09,183,26655.65
2026-09-22,Octoberfest Offers,Influencer,Video,48983,2759,3934.8,152,19882.04
2026-09-22,Fall Flash Deals,Influencer,Video,53921,1529,886.25,43,3120.93
2026-09-22,Fall Flash Deals,Sosyal Medya,Video,75428,2341,2982.69,110,7639.36
2026-09-22,Black Friday Early,Sosyal Medya,Görsel,48454,1940,3082.97,60,6105.76
2026-09-22,Black Friday Early,Influencer,Video,82186,4881,4117.5,291,32301.13
2026-09-23,Spooky Savings,Google Arama,Video,64526,5278,5712.09,274,28833.0
2026-09-23,Spooky Savings,E-posta,Görsel,81033,2927,1837.27,153,14512.13
2026-09-23,Harvest Discounts,Influencer,Carousel,35512,1352,1006.0,65,5002.43
2026-09-23,Harvest Discounts,Sosyal Medya,Video,82354,3717,4559.43,185,14354.61
2026-09-23,Octoberfest Offers,Sosyal Medya,Carousel,112474,4528,6024.64,245,32901.46
2026-09-23,Octoberfest Offers,Sosyal Medya,Carousel,33507,1667,901.64,127,17480.58
2026-09-23,Fall Flash Deals,Sosyal Medya,Görsel,52744,1453,1611.58,57,3670.57
2026-09-23,Fall Flash Deals,Sosyal Medya,Görsel,89354,2065,2340.61,57,3669.88
2026-09-23,Black Friday Early,Influencer,Video,81740,3334,3057.83,159,18286.2
2026-09-23,Black Friday Early,E-posta,Carousel,87475,3528,2324.21,228,29677.26
2026-09-24,Spooky Savings,Influencer,Video,75956,4365,3260.34,330,35661.22
2026-09-24,Spooky Savings,Influencer,Carousel,88258,6035,5978.73,386,31161.35
2026-09-24,Harvest Discounts,Influencer,Görsel,80938,2908,4585.59,94,7281.7
2026-09-24,Harvest Discounts,Sosyal Medya,Video,27407,1162,824.68,56,3979.71
2026-09-24,Octoberfest Offers,Google Arama,Video,95128,8561,16220.87,674,78283.63
2026-09-24,Octoberfest Offers,Influencer,Görsel,64683,2592,1673.59,199,28477.6
2026-09-24,Fall Flash Deals,Sosyal Medya,Görsel,25145,463,480.66,21,1219.05
2026-09-24,Fall Flash Deals,Sosyal Medya,Video,60903,2352,1370.9,98,5527.35
2026-09-24,Black Friday Early,E-posta,Görsel,63517,1730,969.77,84,8321.3
2026-09-24,Black Friday Early,Influencer,Carousel,28671,1256,1892.32,54,6144.79
2026-09-25,Spooky Savings,Influencer,Görsel,119608,5649,8915.98,182,18577.94
2026-09-25,Spooky Savings,Influencer,Görsel,42236,2337,4060.13,139,13898.18
2026-09-25,Harvest Discounts,Sosyal Medya,Video,53065,1773,2197.13,81,7394.21
2026-09-25,Harvest Discounts,Influencer,Carousel,64096,2455,3634.79,122,7695.07
2026-09-25,Octoberfest Offers,Influencer,Video,103250,6187,7189.09,290,39762.49
2026-09-25,Octoberfest Offers,E-posta,Carousel,94290,2778,1880.16,210,24256.22
2026-09-25,Fall Flash Deals,Influencer,Video,97096,2927,3889.83,164,12487.71
2026-09-25,Fall Flash Deals,Influencer,Görsel,43706,1261,2041.68,49,2885.28
2026-09-25,Black Friday Early,Google Arama,Video,104543,4348,4455.16,214,23554.0
2026-09-25,Black Friday Early,Sosyal Medya,Video,102974,4262,4459.81,227,25677.96
2026-09-26,Spooky Savings,Google Arama,Carousel,66385,4068,7154.72,326,35265.23
2026-09-26,Spooky Savings,Sosyal Medya,Görsel,74579,3322,2401.79,142,10923.79
2026-09-26,Harvest Discounts,Sosyal Medya,Görsel,23714,812,594.77,37,2970.92
2026-09-26,Harvest Discounts,Sosyal Medya,Carousel,96042,3445,5428.79,126,8767.3
2026-09-26,Octoberfest Offers,E-posta,Carousel,116092,3686,1622.33,215,27365.02
2026-09-26,Octoberfest Offers,E-posta,Carousel,67255,2722,857.43,179,23483.35
2026-09-26,Fall Flash Deals,E-posta,Video,74050,2337,909.27,117,9455.03
2026-09-26,Fall Flash Deals,E-posta,Görsel,69919,1435,605.14,77,5043.94
2026-09-26,Black Friday Early,E-posta,Carousel,28264,983,524.36,53,6478.69
2026-09-26,Black Friday Early,E-posta,Video,81971,2811,1916.8,128,16379.38
2026-09-27,Spooky Savings,Sosyal Medya,Video,92144,5279,8368.53,454,34625.21
2026-09-27,Spooky Savings,Influencer,Carousel,112797,7634,10218.53,384,39160.6
2026-09-27,Harvest Discounts,Google Arama,Görsel,112978,5549,9513.12,215,19178.37
2026-09-27,Harvest Discounts,Sosyal Medya,Görsel,69181,1695,1447.55,45,3488.23
2026-09-27,Octoberfest Offers,Influencer,Carousel,115898,6205,9848.34,541,55487.59
2026-09-27,Octoberfest Offers,E-posta,Görsel,72865,3205,1066.66,259,34596.85
2026-09-27,Fall Flash Deals,Sosyal Medya,Görsel,84204,2263,1396.31,135,8089.76
2026-09-27,Fall Flash Deals,Sosyal Medya,Video,80199,2965,4656.77,80,5480.15
2026-09-27,Black Friday Early,Sosyal Medya,Görsel,119868,4199,6090.87,277,30323.29
2026-09-27,Black Friday Early,Google Arama,Video,93751,3846,4330.26,195,23291.79
2026-09-28,Spooky Savings,Sosyal Medya,Carousel,32000,1575,1957.23,103,9049.21
2026-09-28,Spooky Savings,E-posta,Carousel,27185,713,325.25,25,2179.89
2026-09-28,Harvest Discounts,E-posta,Video,60988,1882,724.47,110,8904.45
2026-09-28,Harvest Discounts,Influencer,Video,71568,3909,3506.36,204,18290.92
2026-09-28,Octoberfest Offers,E-posta,Carousel,86862,2052,599.87,136,20799.74
2026-09-28,Octoberfest Offers,E-posta,Video,68159,2115,1050.97,161,15825.06
2026-09-28,Fall Flash Deals,E-posta,Görsel,71464,1303,581.22,42,3051.25
2026-09-28,Fall Flash Deals,Sosyal Medya,Görsel,112168,3104,3300.81,105,6391.68
2026-09-28,Black Friday Early,Sosyal Medya,Görsel,53487,1998,1472.31,90,11110.35
2026-09-28,Black Friday Early,E-posta,Video,69350,3111,2145.38,92,8980.23
2026-09-29,Spooky Savings,Sosyal Medya,Görsel,75738,4259,5121.24,282,24621.14
2026-09-29,Spooky Savings,Sosyal Medya,Video,66832,3913,5828.65,275,24277.64
2026-09-29,Harvest Discounts,Sosyal Medya,Görsel,116812,4315,2676.16,162,12841.5
2026-09-29,Harvest Discounts,Influencer,Video,116219,5519,7194.84,265,22022.21
2026-09-29,Octoberfest Offers,Google Arama,Görsel,71312,3388,6560.7,213,27043.61
2026-09-29,Octoberfest Offers,E-posta,Görsel,65057,2703,1050.94,194,23263.89
2026-09-29,Fall Flash Deals,Google Arama,Video,78896,2473,2385.92,83,4882.8
2026-09-29,Fall Flash Deals,Sosyal Medya,Video,38088,1374,1087.55,43,3272.88
2026-09-29,Black Friday Early,Google Arama,Video,62598,4253,4594.54,263,28746.15
2026-09-29,Black Friday Early,Sosyal Medya,Video,41691,1938,1922.34,96,12032.15
2026-09-30,Spooky Savings,Influencer,Video,34405,1970,1860.5,159,13822.15
2026-09-30,Spooky Savings,Sosyal Medya,Carousel,29518,1518,1211.97,85,6522.4
2026-09-30,Harvest Discounts,Google Arama,Görsel,78706,1717,2812.52,61,4860.07
2026-09-30,Harvest Discounts,Influencer,Carousel,20056,837,514.06,47,4344.73
2026-09-30,Octoberfest Offers,E-posta,Carousel,84617,2984,1174.14,228,27888.41
2026-09-30,Octoberfest Offers,Google Arama,Video,63194,3944,6701.97,307,35957.3
2026-09-30,Fall Flash Deals,E-posta,Görsel,56648,1430,446.23,70,4388.24
2026-09-30,Fall Flash Deals,Influencer,Carousel,96924,2945,2407.02,98,8306.99
2026-09-30,Black Friday Early,Google Arama,Görsel,73874,2935,2855.73,143,13786.52
2026-09-30,Black Friday Early,E-posta,Görsel,93346,2911,656.31,141,14159.9
